Open,High,Low,Close,Volume,Dividends,Stock Splits
Open,High,Low,Close,Volume,Dividends,Stock Splits
Open,High,Low,Close,Volume,Dividends,Stock Splits
Open,High,Low,Close,Volume,Dividends,Stock Splits
Open,High,Low,Close,Volume,Dividends,Stock Splits
Open,High,Low,Close,Volume,Dividends,Stock Splits
Open,High,Low,Close,Volume,Dividends,Stock Splits
Open,High,Low,Close,Volume,Dividends,Stock Splits
Open,High,Low,Close,Volume,Dividends,Stock Splits
Open,High,Low,Close,Volume,Dividends,Stock Splits
